graph_idx,Q_true,Q_tested,hidden,lr,neg_ratio,Q_selected,ELBO,AIC,BIC,ICL,ARI,NMI,eta_H,Pi_H,time_sec
1,5,3,[16],0.005,1,3,-96.15607452392578,-376.7596130371094,-523.472070156302,-322.9856511303754,-0.017648265955263698,0.09795004186824757,8.914705641889693,,20.96799612045288
1,5,4,[16],0.005,1,4,-95.50887298583984,-414.625,-638.7690317098777,-335.0017301554434,-0.05920267366913345,0.0761131515894987,7.948820407575974,,18.852105140686035
0,4,3,[16],0.005,1,3,-3844.517578125,-6020.4033203125,-7162.547089751656,-5736.367623570945,0.6955647036605497,0.8319455412117445,28.469108574411422,,20.16580629348755
0,4,4,[16],0.005,1,4,-3766.7294921875,-6413.77294921875,-8134.310037796966,-5990.380121316159,0.6877879068980014,0.8165955860522764,25.589963748077572,0.2304502107203007,19.94181251525879
0,4,5,[16],0.005,1,5,-3860.35986328125,-6465.904296875,-8772.156139011757,-5905.815055021113,0.598774146232752,0.6451886468146188,25.269076901344494,,23.62711000442505
0,4,6,[16],0.005,1,6,-3878.5380859375,-6710.94140625,-9610.229436364782,-6016.816467654558,0.6346335841704994,0.7060263262678245,24.613729647795317,,24.07517099380493
0,4,3,[16],0.005,3,3,-5590.1240234375,-5353.58203125,-6495.725800689156,-5069.546334508445,0.7037555899500193,0.855013142756906,27.488391449104082,,24.246362686157227
0,4,4,[16],0.005,3,4,-5473.4765625,-5401.59130859375,-7122.128397171966,-4978.198480691159,0.6901548158229611,0.7899918808753175,23.690654937595998,0.062144932150840757,22.436044454574585
0,4,5,[16],0.005,3,5,-5368.24853515625,-5063.21484375,-7369.466685886758,-4503.125601896113,1.0,1.0,19.117770315210002,,24.62278151512146
0,4,6,[16],0.005,3,6,-5143.33251953125,-5106.4931640625,-8005.781194177282,-4412.368225467058,1.0,1.0,15.591953183188341,,28.584888458251953
0,4,3,[16],0.005,5,3,-5590.12353515625,-5353.58203125,-6495.725800689156,-5069.546334508445,0.7037555899500193,0.855013142756906,27.48839127809299,,37.9250283241272
0,4,4,[16],0.005,5,4,-5473.47607421875,-5401.5908203125,-7122.127908890716,-4978.197992409909,0.6901548158229611,0.7899918808753175,23.690651741483226,0.06214492842555046,35.16400599479675
0,4,5,[16],0.005,5,5,-5368.24853515625,-5063.21484375,-7369.466685886758,-4503.125601896113,1.0,1.0,19.117771049982395,,35.31741523742676
0,4,6,[16],0.005,5,6,-5143.33251953125,-5106.4931640625,-8005.781194177282,-4412.368225467058,1.0,1.0,15.591950910038566,,35.32905316352844
0,4,3,[16],0.01,1,3,-3844.018798828125,-6009.689453125,-7151.833222564156,-5725.653756383445,0.6955647036605497,0.8319455412117445,28.445119806068853,,36.15010714530945
0,4,4,[16],0.01,1,4,-3768.08203125,-6403.49560546875,-8124.032694046966,-5980.102777566159,0.6877879068980014,0.8165955860522764,25.552834597322672,0.23250093087553977,35.5863196849823
0,4,5,[16],0.01,1,5,-3841.579345703125,-6421.9345703125,-8728.186412449257,-5861.845328458613,0.631189853136863,0.6811645995799244,24.484646212928553,,34.76518487930298
0,4,6,[16],0.01,1,6,-3878.65478515625,-6690.373046875,-9589.661076989782,-5996.248108279558,0.6131626824408496,0.6720634191018638,24.65157479004553,,21.863980770111084
0,4,3,[16],0.01,3,3,-5583.72265625,-5355.24267578125,-6497.386445220406,-5071.206979039695,0.7037555899500193,0.855013142756906,27.670065172891015,,22.674590587615967
0,4,4,[16],0.01,3,4,-5406.81494140625,-5220.53173828125,-6941.068826859466,-4797.138910378659,0.9305618124143673,0.9374203002235533,21.36158095487964,0.06179879456758498,22.639697551727295
0,4,5,[16],0.01,3,5,-5369.517578125,-5065.31884765625,-7371.570689793008,-4505.229605802363,1.0,1.0,18.818396728800703,,22.380820751190186
0,4,6,[16],0.01,3,6,-5548.10693359375,-5405.2978515625,-8304.585881677282,-4711.172912967058,0.898735976437619,0.9178162440759116,21.712099958989885,,21.818400859832764
0,4,3,[16],0.01,5,3,-5583.72265625,-5355.24267578125,-6497.386445220406,-5071.206979039695,0.7037555899500193,0.855013142756906,27.670065019676144,,21.406009912490845
0,4,4,[16],0.01,5,4,-5406.8134765625,-5220.52978515625,-6941.066873734466,-4797.136957253659,0.9305618124143673,0.9374203002235533,21.361561101700005,0.06179880574345588,20.139267206192017
0,4,5,[16],0.01,5,5,-5369.51708984375,-5065.31884765625,-7371.570689793008,-4505.229605802363,1.0,1.0,18.818397608806098,,20.65618371963501
0,4,6,[16],0.01,5,6,-5548.10693359375,-5405.2978515625,-8304.585881677282,-4711.172912967058,0.898735976437619,0.9178162440759116,21.71209937676721,,20.67440152168274
0,4,3,[32],0.005,1,3,-3844.14208984375,-6016.26318359375,-7158.406953032906,-5732.227486852195,0.6955647036605497,0.8319455412117445,28.535642640706637,,19.324912786483765
0,4,4,[32],0.005,1,4,-3767.68310546875,-6406.3349609375,-8126.872049515716,-5982.942133034909,0.6877879068980014,0.8165955860522764,25.576207957975004,0.2328309692442417,19.576774835586548
0,4,5,[32],0.005,1,5,-3838.488525390625,-6464.83544921875,-8771.087291355507,-5904.746207364863,0.6071068091495635,0.6613099219235523,24.69066611488283,,20.508554220199585
0,4,6,[32],0.005,1,6,-3870.9755859375,-6650.5166015625,-9549.804631677282,-5956.391662967058,0.5683604840358619,0.623748873848436,24.702601400582637,,21.598891019821167
0,4,3,[32],0.005,3,3,-5588.37451171875,-5346.55908203125,-6488.702851470406,-5062.523385289695,0.7037555899500193,0.855013142756906,27.41044323097392,,20.5519802570343
0,4,4,[32],0.005,3,4,-5201.50341796875,-4856.84423828125,-6577.381326859466,-4433.451410378659,1.0,1.0,17.269834631372927,0.06160012111067771,20.917832851409912
0,4,5,[32],0.005,3,5,-5372.2080078125,-5077.3330078125,-7383.584849949258,-4517.243765958613,1.0,1.0,18.855534238554046,,45.1684787273407
0,4,6,[32],0.005,3,6,-5542.4736328125,-5406.7275390625,-8306.015569177282,-4712.602600467058,1.0,1.0,20.718945298029098,,45.12362623214722
0,4,3,[32],0.005,5,3,-5588.37451171875,-5346.5595703125,-6488.703339751656,-5062.523873570945,0.7037555899500193,0.855013142756906,27.410444036270437,,44.69242477416992
0,4,4,[32],0.005,5,4,-5201.50341796875,-4856.84423828125,-6577.381326859466,-4433.451410378659,1.0,1.0,17.269834915760025,0.06160012483596801,44.92935824394226
0,4,5,[32],0.005,5,5,-5372.2080078125,-5077.3330078125,-7383.584849949258,-4517.243765958613,1.0,1.0,18.855534164611637,,45.05489182472229
0,4,6,[32],0.005,5,6,-5542.4736328125,-5406.7275390625,-8306.015569177282,-4712.602600467058,1.0,1.0,20.718945244133867,,22.56623363494873
0,4,3,[32],0.01,1,3,-3844.248291015625,-6015.263671875,-7157.407441314156,-5731.227975133445,0.6955647036605497,0.8319455412117445,28.51182062778738,,22.65053963661194
0,4,4,[32],0.01,1,4,-3768.494140625,-6408.5341796875,-8129.071268265716,-5985.141351784909,0.6877879068980014,0.8165955860522764,25.640579326417548,0.2327907621860504,20.843398094177246
0,4,5,[32],0.01,1,5,-3838.75244140625,-6457.27734375,-8763.529185886757,-5897.188101896113,0.6192592586973832,0.6767724225167019,24.660737189110947,,40.94011187553406
0,4,6,[32],0.01,1,6,-3871.179931640625,-6715.322265625,-9614.610295739782,-6021.197327029558,0.6133282653073038,0.6678080770027829,24.316767963146738,,21.952136278152466
0,4,3,[32],0.01,3,3,-5587.482421875,-5345.04736328125,-6487.191132720406,-5061.011666539695,0.7037555899500193,0.855013142756906,27.391595306607844,,23.590294361114502
0,4,4,[32],0.01,3,4,-5178.0576171875,-4848.7265625,-6569.263651078216,-4425.333734597409,1.0,1.0,17.50920160389789,0.06491663679480553,20.456430435180664
0,4,5,[32],0.01,3,5,-5369.7490234375,-5070.466796875,-7376.718639011758,-4510.377555021113,1.0,1.0,18.721003954549985,,25.375007390975952
0,4,6,[32],0.01,3,6,-5545.9423828125,-5395.71630859375,-8295.004338708532,-4701.591369998308,1.0,1.0,20.77946752800784,,22.82369637489319
0,4,3,[32],0.01,5,3,-5587.482421875,-5345.04736328125,-6487.191132720406,-5061.011666539695,0.7037555899500193,0.855013142756906,27.391596880066682,,36.06110453605652
0,4,4,[32],0.01,5,4,-5178.0498046875,-4848.76171875,-6569.298807328216,-4425.368890847409,1.0,1.0,17.5098087635958,0.06491738557815552,33.03269672393799
0,4,5,[32],0.01,5,5,-5369.7490234375,-5070.466796875,-7376.718639011758,-4510.377555021113,1.0,1.0,18.721004946222244,,34.77182650566101
0,4,6,[32],0.01,5,6,-5545.94189453125,-5395.71630859375,-8295.004338708532,-4701.591369998308,1.0,1.0,20.779467877897353,,35.332746505737305
0,4,3,[64],0.005,1,3,-3845.090087890625,-6016.427734375,-7158.571503814156,-5732.392037633445,0.6955647036605497,0.8319455412117445,28.382149372743562,,35.8657763004303
0,4,4,[64],0.005,1,4,-3768.13623046875,-6409.787109375,-8130.324197953216,-5986.394281472409,0.6877879068980014,0.8165955860522764,25.72246130878872,0.23309462293982505,37.14457321166992
0,4,5,[64],0.005,1,5,-3840.1728515625,-6451.421875,-8757.673717136757,-5891.332633146113,0.6071068091495635,0.6613099219235523,24.69417028422401,,36.340413331985474
0,4,6,[64],0.005,1,6,-3870.91796875,-6710.7470703125,-9610.035100427282,-6016.622131717058,0.6309480001132278,0.697097077447423,24.249103075014325,,35.84152269363403
0,4,3,[64],0.005,3,3,-5590.75244140625,-5332.65283203125,-6474.796601470406,-5048.617135289695,0.7037555899500193,0.855013142756906,27.144469118585622,,35.830145597457886
0,4,4,[64],0.005,3,4,-5170.91845703125,-4804.07421875,-6524.611307328216,-4380.681390847409,1.0,1.0,16.657424220647147,0.06537794694304466,35.63671278953552
0,4,5,[64],0.005,3,5,-5371.67578125,-5057.51123046875,-7363.763072605508,-4497.421988614863,1.0,1.0,18.626041145979606,,35.99680137634277
0,4,6,[64],0.005,3,6,-5543.05908203125,-5398.5673828125,-8297.855412927282,-4704.442444217058,1.0,1.0,20.543823120565868,,36.62136363983154
0,4,3,[64],0.005,5,3,-5590.751953125,-5332.65185546875,-6474.795624907906,-5048.616158727195,0.7037555899500193,0.855013142756906,27.144464319482854,,34.71658658981323
0,4,4,[64],0.005,5,4,-5170.91845703125,-4804.07421875,-6524.611307328216,-4380.681390847409,1.0,1.0,16.657424350030944,0.06537794321775436,34.8474600315094
0,4,5,[64],0.005,5,5,-5371.67626953125,-5057.51123046875,-7363.763072605508,-4497.421988614863,1.0,1.0,18.626040769532317,,34.6025607585907
0,4,6,[64],0.005,5,6,-5543.0576171875,-5398.5693359375,-8297.857366052282,-4704.444397342058,1.0,1.0,20.54381458325284,,34.262051820755005
0,4,3,[64],0.01,1,3,-3845.302490234375,-6017.35107421875,-7159.494843657906,-5733.315377477195,0.6955647036605497,0.8319455412117445,28.354976891767734,,34.91141319274902
0,4,4,[64],0.01,1,4,-3769.21142578125,-6422.06982421875,-8142.606912796966,-5998.676996316159,0.6877879068980014,0.8165955860522764,25.775146997545942,0.23322017639875411,36.711742639541626
0,4,5,[64],0.01,1,5,-3840.756591796875,-6443.0615234375,-8749.313365574257,-5882.972281583613,0.6095607301871344,0.6634733778221173,24.66239381986204,,34.814276695251465
0,4,6,[64],0.01,1,6,-3870.82421875,-6710.400390625,-9609.688420739782,-6016.275452029558,0.629930737091362,0.6972080939451436,24.233095215691105,,36.233970165252686
0,4,3,[64],0.01,3,3,-5590.6787109375,-5332.7255859375,-6474.869355376656,-5048.689889195945,0.7037555899500193,0.855013142756906,27.10140223072239,,34.659942388534546
0,4,4,[64],0.01,3,4,-5167.46533203125,-4796.2958984375,-6516.832987015716,-4372.903070534909,0.9823494494203083,0.977821086804836,16.826938251654443,0.06646209210157394,38.27395009994507
0,4,5,[64],0.01,3,5,-5370.30419921875,-5062.1318359375,-7368.383678074258,-4502.042594083613,1.0,1.0,18.614718300415326,,37.24114751815796
0,4,6,[64],0.01,3,6,-5543.0107421875,-5398.359375,-8297.647405114782,-4704.234436404558,1.0,1.0,20.55937196889258,,35.958003759384155
0,4,3,[64],0.01,5,3,-5590.6787109375,-5332.7255859375,-6474.869355376656,-5048.689889195945,0.7037555899500193,0.855013142756906,27.101402367612312,,36.809842109680176
0,4,4,[64],0.01,5,4,-5167.46533203125,-4796.2958984375,-6516.832987015716,-4372.903070534909,0.9823494494203083,0.977821086804836,16.8269385812457,0.06646208092570305,32.914857625961304
0,4,5,[64],0.01,5,5,-5370.3037109375,-5062.1318359375,-7368.383678074258,-4502.042594083613,1.0,1.0,18.614718211962835,,37.76625609397888
0,4,6,[64],0.01,5,6,-5543.0048828125,-5398.396484375,-8297.684514489782,-4704.271545779558,1.0,1.0,20.559760057830175,,39.547232151031494
1,5,5,[16],0.005,1,5,-95.41107940673828,-464.1296081542969,-769.7805604859482,-359.694703387462,-0.04161506068863017,0.1974974512708592,7.36318755680772,0.3769272239208221,39.044198751449585
1,5,6,[16],0.005,1,6,-95.5901107788086,-494.4496765136719,-885.6828954981855,-366.24080984010305,0.07847471677258912,0.28951550075545535,6.881692066694826,,36.04276442527771
1,5,3,[16],0.005,3,3,-154.93377685546875,-273.9996337890625,-420.71209090825516,-220.22567188232856,-0.017648265955263698,0.09795004186824757,8.91822667964786,,38.22698926925659
1,5,4,[16],0.005,3,4,-155.82662963867188,-313.73565673828125,-537.879688448159,-234.11238689372468,-0.037642192347466394,0.11622126180683026,8.073357748833331,,33.38784623146057
1,5,5,[16],0.005,3,5,-154.93234252929688,-353.44081115722656,-659.0917634888779,-249.0059063903917,-0.04161506068863017,0.1974974512708592,7.3735452514809126,0.17951198959350584,36.28322100639343
1,5,6,[16],0.005,3,6,-154.7933349609375,-393.224609375,-784.4578283595137,-265.0157427014312,-0.030694668820678513,0.17825949078165007,6.932169078564969,,36.20643186569214
1,5,3,[16],0.005,5,3,-186.3619384765625,-263.6209411621094,-410.33339828130204,-209.84697925537543,-0.017648265955263698,0.09795004186824757,8.917446038950958,,38.22345161437988
1,5,4,[16],0.005,5,4,-187.18231201171875,-301.814697265625,-525.9587289755027,-222.19142742106843,-0.037642192347466394,0.11622126180683026,8.070616245079732,,38.387686252593994
1,5,5,[16],0.005,5,5,-186.7472381591797,-342.7620849609375,-648.4130372925888,-238.32718019410262,-0.05250965250965251,0.1592119892373118,7.334205320038913,0.11720231509208681,37.53649067878723
1,5,6,[16],0.005,5,6,-186.34605407714844,-383.11920166015625,-774.3524206446699,-254.91033498658743,-0.03571428571428571,0.17120827526017657,6.9332174661110475,,40.400161266326904
1,5,3,[16],0.01,1,3,-96.63470458984375,-376.69097900390625,-523.4034361230989,-322.9170170971723,-0.029013918839443247,0.07767851527989536,8.907950740174083,,34.75100064277649
1,5,4,[16],0.01,1,4,-95.6050033569336,-414.2793273925781,-638.4233591024558,-334.6560575480215,-0.07304846025304369,0.06430012200277017,7.943589079159868,,34.08048486709595
1,5,3,[16],0.01,3,3,-155.20660400390625,-274.2538146972656,-420.9662718164583,-220.47985279053168,-0.017648265955263698,0.09795004186824757,8.923339256725646,,19.178740739822388
1,5,4,[16],0.01,3,4,-156.45358276367188,-312.9149169921875,-537.0589487020652,-233.29164714763093,-0.011009174311926606,0.14193529057465096,7.980239934522192,,18.706363677978516
1,5,5,[16],0.01,3,5,-156.0614013671875,-355.1223907470703,-660.7733430787216,-250.68748598023544,-0.029934043632673768,0.21331209705155577,7.353877954074437,0.1843018980026245,19.93666672706604
1,5,6,[16],0.01,3,6,-155.63864135742188,-391.5978240966797,-782.8310430811933,-263.38895742311087,0.07847471677258912,0.28951550075545535,6.876847151624567,,35.90564966201782
1,5,3,[32],0.005,3,3,-154.92457580566406,-273.7071533203125,-420.41961043950516,-219.93319141357856,-0.017648265955263698,0.09795004186824757,8.926268336971015,,23.127300262451172
1,5,4,[32],0.005,3,4,-155.8638458251953,-313.87030029296875,-538.0143320028465,-234.24703044841218,-0.037642192347466394,0.11622126180683026,8.09501299057235,,18.31109642982483
1,5,5,[32],0.005,3,5,-154.6367645263672,-353.0784606933594,-658.7294130250107,-248.6435559265245,-0.020100502512562814,0.21528322308699466,7.367335718674406,0.1852682628631592,19.21015429496765
1,5,6,[32],0.005,3,6,-155.1297607421875,-391.7007598876953,-782.933978872209,-263.4918932141265,0.09125893347993402,0.31535087012028845,6.869660548983778,,20.595245122909546
1,5,3,[32],0.01,3,3,-156.2947235107422,-274.2219543457031,-420.9344114648958,-220.44799243896918,-0.017648265955263698,0.09795004186824757,8.926148036156256,,19.16614532470703
1,5,4,[32],0.01,3,4,-156.03147888183594,-313.71006774902344,-537.8540994589011,-234.08679790446686,-0.03812751535691591,0.11969000406043553,8.079393606675577,,18.767759084701538
1,5,5,[32],0.01,3,5,-155.41751098632812,-355.1813049316406,-660.8322572632919,-250.74640016480575,-0.017676111255523784,0.19296630454825453,7.351209643479619,0.18330402874946594,18.730741262435913
1,5,6,[32],0.01,3,6,-155.3532257080078,-391.603271484375,-782.8364904688887,-263.3944048108062,0.062448190107764576,0.27865959812962,6.872374618163043,,19.621283054351807
1,5,3,[64],0.005,3,3,-155.16148376464844,-274.2847900390625,-420.99724715825516,-220.51082813232856,-0.017648265955263698,0.09795004186824757,8.913461000605182,,19.966442108154297
1,5,4,[64],0.005,3,4,-155.74668884277344,-313.6250305175781,-537.7690622274558,-234.00176067302155,-0.037642192347466394,0.11622126180683026,8.083625474206544,,20.420658826828003
1,5,5,[64],0.005,3,5,-154.57386779785156,-353.3741760253906,-659.0251283570419,-248.93927125855575,-0.020100502512562814,0.21528322308699466,7.366533164897705,0.19230380320549012,18.048696279525757
1,5,6,[64],0.005,3,6,-154.9365692138672,-391.876708984375,-783.1099279688887,-263.6678423108062,0.07847471677258912,0.28951550075545535,6.868265469880376,,20.097299337387085
1,5,3,[64],0.01,3,3,-156.71250915527344,-274.8949737548828,-421.6074308740755,-221.12101184814887,-0.01765076696785039,0.07876797648223302,8.88633011364937,,18.96319007873535
1,5,4,[64],0.01,3,4,-155.93368530273438,-313.0952606201172,-537.2392923299949,-233.4719907755606,-0.03812751535691591,0.11969000406043553,8.07763684529918,,19.9863760471344
1,5,5,[64],0.01,3,5,-154.7953643798828,-352.0741882324219,-657.7251405640732,-247.639283465587,-0.005173305742369374,0.2322460268599555,7.3157642134481256,0.20239813828468323,19.43049120903015
1,5,6,[64],0.01,3,6,-154.98329162597656,-391.9624328613281,-783.1956518458418,-263.7535661877593,0.07219031993437244,0.2829464064678813,6.86767850659359,,20.235473155975342
2,5,3,[16],0.005,3,3,-168.0380401611328,-279.335205078125,-426.04766219731766,-225.56124317139106,0.0004152823920265781,0.1188208966895439,8.971363856600032,,19.82718515396118
2,5,4,[16],0.005,3,4,-169.23182678222656,-317.0774230957031,-541.2214548055808,-237.45415325114655,-0.005745947055202134,0.13704662241996424,8.014669805724699,,19.28146195411682
2,5,5,[16],0.005,3,5,-167.8035125732422,-357.8261413574219,-663.4770936890732,-253.391236590587,-0.030790129046864387,0.12176042733347679,7.46488901029386,0.22241890931129454,19.62466597557068
2,5,6,[16],0.005,3,6,-167.3577117919922,-401.11936950683594,-792.3525884913496,-272.9105028332671,0.002625360987135731,0.24042125011306545,6.959192547062054,,19.16277503967285
2,5,3,[16],0.01,3,3,-168.948974609375,-279.16383361816406,-425.8762907373567,-225.38987171143012,0.013846467114640602,0.12616572222461808,8.974194205814335,,19.250728368759155
2,5,4,[16],0.01,3,4,-170.0087127685547,-319.3155517578125,-543.4595834676902,-239.69228191325593,0.11998132586367881,0.3086100159166326,7.973249735298366,,19.43950390815735
2,5,5,[16],0.01,3,5,-168.66189575195312,-358.48594665527344,-664.1368989869247,-254.05104188843856,-0.07188376242671425,0.12224074255659054,7.307780735348263,0.22063338565826418,34.222110748291016
2,5,6,[16],0.01,3,6,-167.15850830078125,-401.16888427734375,-792.4021032618574,-272.96001760377493,0.002625360987135731,0.24042125011306545,6.957374935290018,,44.323439598083496
2,5,3,[32],0.005,3,3,-167.7425537109375,-279.44586181640625,-426.1583189355989,-225.6718999096723,0.0004152823920265781,0.1188208966895439,8.969718653419008,,44.276888370513916
2,5,4,[32],0.005,3,4,-169.08909606933594,-316.97593688964844,-541.1199685995261,-237.35266704509186,-0.010118700136213271,0.09883506416238422,8.020738825577757,,44.18311548233032
2,5,5,[32],0.005,3,5,-168.16253662109375,-357.55503845214844,-663.2059907837997,-253.12013368531356,-0.049680624556423,0.1023409099268707,7.470052996945777,0.23102424025535584,39.467753887176514
2,5,6,[32],0.005,3,6,-167.40353393554688,-401.2548828125,-792.4881017970137,-273.0460161389312,0.002625360987135731,0.24042125011306545,6.957809180928835,,19.84867787361145
2,5,3,[32],0.01,3,3,-168.31619262695312,-279.2384490966797,-425.95090621587235,-225.46448718994574,0.012458471760797342,0.1250721412023751,8.976200661880302,,21.033621311187744
2,5,4,[32],0.01,3,4,-169.35733032226562,-316.8331604003906,-540.9771921102683,-237.20989055583405,-0.010118700136213271,0.09883506416238422,8.013806148099093,,20.577272176742554
2,5,5,[32],0.01,3,5,-169.7389373779297,-357.79400634765625,-663.4449586793075,-253.35910158082137,-0.027247956403269755,0.16560241322258215,7.4549107673073065,0.26516808748245235,21.002488613128662
2,5,6,[32],0.01,3,6,-167.74481201171875,-401.2706298828125,-792.5038488673262,-273.0617632092437,-0.027247956403269755,0.20687218412517622,7.030510464800714,,20.550904989242554
2,5,3,[64],0.005,3,3,-168.0135040283203,-279.2389221191406,-425.9513792383333,-225.46496021240668,0.012458471760797342,0.1250721412023751,8.972058304968568,,21.151919841766357
2,5,4,[64],0.005,3,4,-168.98936462402344,-316.9844970703125,-541.1285287801902,-237.36122722575593,-0.010118700136213271,0.09883506416238422,8.018235193338706,,19.725350856781006
2,5,5,[64],0.005,3,5,-168.32688903808594,-357.6659851074219,-663.3169374390732,-253.231080340587,-0.017659044600407518,0.13380712578607823,7.470257535337304,0.2561418640613556,20.188697814941406
2,5,6,[64],0.005,3,6,-167.53292846679688,-400.94493103027344,-792.1781500147871,-272.7360643567046,0.002625360987135731,0.24042125011306545,6.961830532036357,,20.624168634414673
2,5,3,[64],0.01,3,3,-168.30380249023438,-279.4360046386719,-426.14846175786454,-225.66204273193793,-0.059800664451827246,0.041818591880555214,8.98016399719634,,20.092910051345825
2,5,4,[64],0.01,3,4,-169.4047088623047,-316.78466796875,-540.9286996786277,-237.16139812419343,-0.010118700136213271,0.09883506416238422,8.023161351700661,,18.725642204284668
2,5,5,[64],0.01,3,5,-169.23056030273438,-357.4024658203125,-663.0534181519638,-252.96756105347762,-0.07266360253884876,0.06986335740529738,7.463885806909609,0.28081214308738706,19.7497718334198
2,5,6,[64],0.01,3,6,-167.9508514404297,-401.0518493652344,-792.285068349748,-272.84298269166555,-0.005527638190954774,0.2123937605773855,6.962135273774139,,18.52524757385254
3,5,3,[16],0.005,3,3,-180.59458923339844,-281.80047607421875,-428.5129331934114,-228.0265141674848,0.007648953301127214,0.11904460847431657,8.942549309797624,,19.473757028579712
3,5,4,[16],0.005,3,4,-179.27471923828125,-320.7803039550781,-544.9243356649558,-241.15703411052155,0.012458471760797342,0.15110255373226553,7.982586680977002,,20.927486181259155
3,5,5,[16],0.005,3,5,-179.7135467529297,-367.9716491699219,-673.6226015015732,-263.536744403087,-0.05091743119266055,0.11015776274384026,7.418166600955702,0.12372648358345031,18.987826585769653
3,5,6,[16],0.005,3,6,-179.91314697265625,-402.32025146484375,-793.5534704493574,-274.11138479127493,0.062448190107764576,0.27865959812961993,6.8531285699050075,,19.888117790222168
3,5,3,[16],0.01,3,3,-181.2376708984375,-281.72740173339844,-428.4398588525911,-227.9534398266645,-0.009589326662497394,0.08667779095651193,8.929420289263177,,18.989155530929565
3,5,4,[16],0.01,3,4,-179.44955444335938,-321.0792236328125,-545.2232553426902,-241.45595378825593,0.012458471760797342,0.15110255373226553,8.003376803849294,,19.431658029556274
3,5,5,[16],0.01,3,5,-180.64820861816406,-366.8770446777344,-672.5279970093857,-262.4421399108995,-0.06340193991010172,0.09049623665603769,7.418479778454023,0.12699118542671203,18.8032283782959
3,5,6,[16],0.01,3,6,-180.76834106445312,-402.4027862548828,-793.6360052393965,-274.193919581314,0.030395136778115502,0.23904205196160658,6.855842974164134,,19.99041748046875
3,5,3,[32],0.005,3,3,-180.10421752929688,-282.10247802734375,-428.8149351465364,-228.3285161206098,0.0025015634771732333,0.0996087001307966,8.945990051989972,,18.878995180130005
3,5,4,[32],0.005,3,4,-179.36468505859375,-321.20799255371094,-545.3520242635886,-241.58472270915436,0.012458471760797342,0.15110255373226553,8.003072952859522,,18.82666277885437
3,5,5,[32],0.005,3,5,-179.61949157714844,-367.5380554199219,-673.1890077515732,-263.103150653087,-0.049680624556423,0.1416592854712431,7.419158765280388,0.13885243511199952,19.05651545524597
3,5,6,[32],0.005,3,6,-180.2162322998047,-402.240966796875,-793.4741857813887,-274.0321001233062,0.030395136778115502,0.23904205196160658,6.8597856643811514,,19.699876308441162
3,5,3,[32],0.01,3,3,-180.643798828125,-281.90895080566406,-428.6214079248567,-228.13498889893012,0.00615637184485943,0.09795004186824756,8.948069457585227,,18.904396057128906
3,5,4,[32],0.01,3,4,-179.73455810546875,-321.1119384765625,-545.2559701864402,-241.48866863200593,0.012458471760797342,0.15110255373226553,8.015162013749412,,18.993398189544678
3,5,5,[32],0.01,3,5,-179.7061767578125,-367.2914123535156,-672.9423646851669,-262.8565075866808,-0.06467298808655482,0.12019552425075028,7.409286836382209,0.15036637997627259,32.39013695716858
3,5,6,[32],0.01,3,6,-180.76922607421875,-402.1230773925781,-793.3562963770918,-273.9142107190093,0.07219031993437244,0.3009209141578604,6.84263920438575,,43.140692472457886
3,5,3,[64],0.005,3,3,-179.8935089111328,-282.77503967285156,-429.4874967920442,-229.00107776611762,0.0025015634771732333,0.0996087001307966,8.933215193007497,,40.37001061439514
3,5,4,[64],0.005,3,4,-179.25013732910156,-321.177490234375,-545.3215219442527,-241.55422038981843,-0.013650465356773526,0.12862822585963476,8.020350279223539,,19.423793077468872
3,5,5,[64],0.005,3,5,-179.72508239746094,-366.9250183105469,-672.5759706421982,-262.490113543712,-0.049680624556423,0.1416592854712431,7.41331704227871,0.1495500020980835,19.06723952293396
3,5,6,[64],0.005,3,6,-180.00689697265625,-402.5992431640625,-793.8324621485762,-274.3903764904937,0.02461033634126333,0.23227911502635445,6.856367690025891,,19.861039638519287
3,5,3,[64],0.01,3,3,-180.05624389648438,-282.9490051269531,-429.6614622461458,-229.17504322021918,-0.017648265955263698,0.07650842187399585,8.940673314110654,,18.902403593063354
3,5,4,[64],0.01,3,4,-179.47201538085938,-321.6589660644531,-545.8029977743308,-242.03569621989655,-0.013650465356773526,0.12862822585963476,8.040795142308319,,19.00902009010315
3,5,5,[64],0.01,3,5,-179.98431396484375,-367.37489318847656,-673.0258455201279,-262.9399884216417,-0.06467298808655482,0.12019552425075028,7.409622453871623,0.15903229999542237,19.342033624649048
3,5,6,[64],0.01,3,6,-180.86871337890625,-402.8635559082031,-794.0967748927168,-274.6546892346343,0.03754080522306855,0.25855170224802637,6.852925624214507,,19.047372102737427
4,5,3,[16],0.005,3,3,-166.50587463378906,-277.4953918457031,-424.2078489648958,-223.72142993896918,0.03502626970227671,0.16587396232852405,8.965350741678222,,19.417224645614624
4,5,4,[16],0.005,3,4,-166.1680908203125,-317.1594696044922,-541.3035013143699,-237.5361997599356,-0.01551418439716312,0.156517326210852,8.005167806422282,,28.184778213500977
4,5,5,[16],0.005,3,5,-165.12887573242188,-355.9478759765625,-661.5988283082138,-251.51297120972762,0.04814004376367615,0.2466842771650736,7.223353524098226,0.18775067472457885,42.70297598838806
4,5,6,[16],0.005,3,6,-166.76116943359375,-398.55169677734375,-789.7849157618574,-270.34283010377493,-0.004797441364605544,0.22940513138322663,6.964588530971337,,43.353477001190186
4,5,3,[16],0.01,3,3,-166.44129943847656,-277.6816711425781,-424.3941282617708,-223.90770923584418,0.02887507519550832,0.19112154139770818,8.939863618989062,,42.281012773513794
4,5,4,[16],0.01,3,4,-167.071044921875,-317.7602996826172,-541.9043313924949,-238.1370298380606,-0.01765614654601633,0.15345498668468624,8.004243749044157,,42.32932949066162
4,5,5,[16],0.01,3,5,-165.76992797851562,-355.4650115966797,-661.115963928331,-251.0301068298448,0.02138783269961977,0.22207130782314988,7.245751172778847,0.1881122167110443,42.492506980895996
4,5,6,[16],0.01,3,6,-167.08067321777344,-398.5694885253906,-789.8027075099043,-270.3606218518218,0.08185328185328185,0.295178927724299,6.87908851117627,,43.01104235649109
4,5,3,[32],0.005,3,3,-165.81539916992188,-278.81219482421875,-425.5246519434114,-225.0382329174848,0.02260111022997621,0.15911157793547093,8.988239609755075,,42.43843865394592
4,5,4,[32],0.005,3,4,-166.33692932128906,-317.4921875,-541.6362192098777,-237.86891765544343,-0.01551418439716312,0.156517326210852,8.015127260823714,,43.24030661582947
4,5,5,[32],0.005,3,5,-165.21827697753906,-355.76734924316406,-661.4183015748154,-251.3324444763292,0.003388189738625363,0.21276729658051916,7.218811754135217,0.2007304086685181,42.91813278198242
4,5,6,[32],0.005,3,6,-166.7171173095703,-396.7999572753906,-788.0331762599043,-268.5910906018218,0.05349693251533742,0.2483870260965335,6.965562295196348,,44.16778564453125
4,5,3,[32],0.01,3,3,-165.64505004882812,-279.0429992675781,-425.7554563867708,-225.26903736084418,0.005614597954682173,0.14329169093808727,8.980265626775376,,22.357983350753784
4,5,4,[32],0.01,3,4,-166.81468200683594,-317.5914611816406,-541.7354928915183,-237.96819133708405,-0.04392121349332126,0.11561781859776545,8.015912767323167,,19.811479806900024
4,5,5,[32],0.01,3,5,-165.8609161376953,-355.6044616699219,-661.2554140015732,-251.169556903087,0.003388189738625363,0.21276729658051916,7.23197145412451,0.2078727974891663,19.770230770111084
4,5,6,[32],0.01,3,6,-167.01873779296875,-396.6594543457031,-787.8926733302168,-268.4505876721343,0.05349693251533742,0.2483870260965335,6.960099673797871,,20.923234462738037
4,5,3,[64],0.005,3,3,-165.85861206054688,-278.8277587890625,-425.54021590825516,-225.05379688232856,0.02260111022997621,0.15911157793547093,9.000764504876685,,20.94220995903015
4,5,4,[64],0.005,3,4,-166.31053161621094,-317.143798828125,-541.2878305380027,-237.52052898356843,-0.01551418439716312,0.156517326210852,8.01155646656397,,21.03586173057556
4,5,5,[64],0.005,3,5,-164.92620849609375,-355.3690643310547,-661.020016662706,-250.9341595642198,0.019936785801118406,0.22735511486000987,7.218538595103271,0.2047538998126984,22.98989510536194
4,5,6,[64],0.005,3,6,-166.8359375,-398.4610595703125,-789.6942785548262,-270.2521928967437,0.072783987522745,0.27403787478898733,6.9015056293185735,,21.027865409851074
4,5,3,[64],0.01,3,3,-166.04116821289062,-278.8911895751953,-425.603646694388,-225.11722766846137,0.005614597954682173,0.14329169093808727,8.994626403380478,,20.876570224761963
4,5,4,[64],0.01,3,4,-167.12786865234375,-317.1595916748047,-541.3036233846824,-237.5363218302481,-0.04803591470258137,0.11810982728513235,8.020483069443532,,19.552523136138916
4,5,5,[64],0.01,3,5,-165.181884765625,-355.03399658203125,-660.6849489136825,-250.59909181519637,-0.008516678495386799,0.19968991374248746,7.219235414751251,0.20945916080474855,19.513989210128784
4,5,6,[64],0.01,3,6,-167.08448791503906,-396.6594543457031,-787.8926733302168,-268.4505876721343,0.07112576542628356,0.27310071546342785,6.971557712328726,,18.9656765460968
5,5,3,[16],0.005,3,3,-173.6151580810547,-284.56214904785156,-431.2746061670442,-230.78818714111762,0.0004152823920265781,0.1188208966895439,8.971108335700444,,21.651331901550293
5,5,4,[16],0.005,3,4,-175.78042602539062,-324.96141052246094,-549.1054422323386,-245.33814067790436,-0.013245033112582781,0.16747821460107745,7.949490505855315,,22.025326013565063
5,5,5,[16],0.005,3,5,-174.96897888183594,-361.6283264160156,-667.2792787476669,-257.1934216491808,-0.027529951567677798,0.17435950182514456,7.302887152250135,0.1902292685508728,21.943097591400146
5,5,6,[16],0.005,3,6,-174.82424926757812,-400.842041015625,-792.0752600001387,-272.6331743420562,-0.06894722885176346,0.12465743928213828,7.021910390280023,,23.886739015579224
5,5,3,[16],0.01,3,3,-173.2388916015625,-283.3617706298828,-430.0742277490755,-229.58780872314887,0.055473839041815506,0.1875055125757874,8.932444559338476,,22.456711292266846
5,5,4,[16],0.01,3,4,-178.8116912841797,-322.1565246582031,-546.3005563680808,-242.53325481364655,0.046368582919328126,0.21307770633414633,7.959868312464745,,25.575528144836426
5,5,5,[16],0.01,3,5,-175.5469970703125,-362.0082092285156,-667.6591615601669,-257.5733044616808,-0.017672304973491544,0.19949419374921198,7.2698545226307125,0.19512869477272038,31.986762523651123
5,5,6,[16],0.01,3,6,-175.46560668945312,-400.1306457519531,-791.3638647364668,-271.9217790783843,-0.06894722885176346,0.12465743928213828,7.017927638550656,,38.97220206260681
5,5,3,[32],0.005,3,3,-174.1144256591797,-283.4617462158203,-430.174203335013,-229.68778430908637,0.0004152823920265781,0.1188208966895439,8.968304104853921,,37.56635880470276
5,5,4,[32],0.005,3,4,-175.6218719482422,-322.7179718017578,-546.8620035116355,-243.09470195720124,-0.005745947055202134,0.13704662241996424,7.99712279133457,,37.13187050819397
5,5,5,[32],0.005,3,5,-175.00978088378906,-361.535888671875,-667.1868410035263,-257.10098390504015,-0.017672304973491544,0.19949419374921198,7.303610371225715,0.2061248986721039,37.369001150131226
5,5,6,[32],0.005,3,6,-174.79592895507812,-400.9102478027344,-792.143466787248,-272.70138112916555,-0.06894722885176346,0.12465743928213828,7.01858068205096,,38.97898864746094
5,5,3,[32],0.01,3,3,-174.66944885253906,-282.7458038330078,-429.4582609522005,-228.97184192627387,0.0004152823920265781,0.1188208966895439,8.969482592157334,,37.63304281234741
5,5,4,[32],0.01,3,4,-177.395751953125,-322.5539245605469,-546.6979562704246,-242.9306547159903,0.0025015634771732333,0.14492025109061749,8.000923812965569,,38.42866849899292
5,5,5,[32],0.01,3,5,-175.5145721435547,-361.483642578125,-667.1345949097763,-257.04873781129015,-0.008266472161439338,0.2039267747869785,7.415576340391514,0.230632976770401,39.65782833099365
5,5,6,[32],0.01,3,6,-174.88055419921875,-400.2508850097656,-791.4841039942793,-272.0420183361968,-0.048754353067238146,0.1626419651867408,7.012754007993115,,34.608933210372925
5,5,3,[64],0.005,3,3,-174.76394653320312,-282.6884765625,-429.40093368169266,-228.91451465576606,0.0004152823920265781,0.1188208966895439,8.969902756582961,,40.17158317565918
5,5,4,[64],0.005,3,4,-175.77114868164062,-322.1304931640625,-546.2745248739402,-242.50722331950593,0.03354667843743103,0.19943987391619036,7.988443891241267,,36.10634922981262
5,5,5,[64],0.005,3,5,-175.25765991210938,-361.5981750488281,-667.2491273804794,-257.1632702819933,-0.0034355828220858898,0.20920115857574056,7.307104538293942,0.21924068450927733,39.03408694267273
5,5,6,[64],0.005,3,6,-174.45689392089844,-401.03448486328125,-792.2677038477949,-272.82561818971243,-0.06894722885176346,0.12465743928213828,7.021165214106987,,39.11126685142517
5,5,3,[64],0.01,3,3,-175.30252075195312,-282.33506774902344,-429.0475248682161,-228.5611058422895,0.0004152823920265781,0.1188208966895439,8.96714438416611,,39.837467432022095
5,5,4,[64],0.01,3,4,-178.2267608642578,-321.1184997558594,-545.2625314657371,-241.4952299113028,0.13044429853359596,0.3121211379282307,7.9717863772431246,,37.946621894836426
5,5,5,[64],0.01,3,5,-175.9303436279297,-361.91773986816406,-667.5686921998154,-257.4828351013292,-0.017672304973491544,0.19949419374921198,7.30339088820093,0.22820984721183776,38.16589903831482
5,5,6,[64],0.01,3,6,-174.9865264892578,-400.48345947265625,-791.7166784571699,-272.27459279908743,-0.06894722885176346,0.12465743928213828,7.020109094539525,,36.02248549461365
6,5,3,[16],0.005,3,3,-170.53578186035156,-282.1515197753906,-428.8639768945833,-228.37755786865668,0.0004152823920265781,0.1188208966895439,8.97141086601831,,37.67535042762756
6,5,4,[16],0.005,3,4,-170.34727478027344,-321.0388488769531,-545.1828805868308,-241.41557903239655,0.008603124292506226,0.2018637608086042,7.949983150412642,,35.46445631980896
6,5,5,[16],0.005,3,5,-170.62242126464844,-358.0860900878906,-663.7370424195419,-253.65118532105575,0.09678249678249679,0.3590373496431169,7.23739495352027,0.12961128377914427,37.34815311431885
6,5,6,[16],0.005,3,6,-170.91612243652344,-402.1494140625,-793.3826330470137,-273.9405473889312,0.002625360987135731,0.24042125011306545,6.961296811796398,,35.0650634765625
6,5,3,[16],0.01,3,3,-171.45294189453125,-279.68211364746094,-426.3945707666536,-225.908151740727,-0.01765076696785039,0.10456238175937664,9.006438794401667,,38.49719476699829
6,5,4,[16],0.01,3,4,-170.7290496826172,-319.5534362792969,-543.6974679891746,-239.9301664347403,0.008603124292506226,0.2018637608086042,7.957281312677714,,40.84303140640259
6,5,5,[16],0.01,3,5,-171.1490020751953,-358.07398986816406,-663.7249421998154,-253.6390851013292,0.09090909090909091,0.31886107165846467,7.237891458283333,0.14944522166252136,42.51523494720459
6,5,6,[16],0.01,3,6,-171.08570861816406,-404.1639099121094,-795.397128896623,-275.95504323854055,-0.06429145459416019,0.1335817605302498,7.023791116022902,,40.521520137786865
6,5,3,[32],0.005,3,3,-170.90853881835938,-282.0678405761719,-428.78029769536454,-228.29387866943793,0.0004152823920265781,0.1188208966895439,8.967732361801794,,33.5781614780426
6,5,4,[32],0.005,3,4,-170.33631896972656,-320.4652404785156,-544.6092721883933,-240.84197063395905,0.008603124292506226,0.2018637608086042,7.941591898340232,,25.134394884109497
6,5,5,[32],0.005,3,5,-170.16046142578125,-357.914794921875,-663.5657472535263,-253.47989015504012,0.09090909090909091,0.33719244049363234,7.240203560766985,0.14685598278045653,43.98315906524658
6,5,6,[32],0.005,3,6,-170.9935760498047,-401.98548889160156,-793.2187078761152,-273.77662221803274,0.002625360987135731,0.24042125011306545,6.968258940044212,,43.76682162284851
6,5,3,[32],0.01,3,3,-171.49261474609375,-280.2326354980469,-426.94509261723954,-226.45867359131293,-0.01765076696785039,0.10456238175937664,9.027468911615882,,42.32641315460205
6,5,4,[32],0.01,3,4,-170.79351806640625,-319.4563903808594,-543.6004220907371,-239.8331205363028,0.008603124292506226,0.2018637608086042,7.951221026513343,,43.55856490135193
6,5,5,[32],0.01,3,5,-170.45199584960938,-358.5303955078125,-664.1813478394638,-254.09549074097762,0.09678249678249679,0.3406206807092323,7.222882112815819,0.16700878286361692,43.80604434013367
6,5,6,[32],0.01,3,6,-171.1060028076172,-404.1768341064453,-795.410053090959,-275.9679674328765,-0.06894722885176346,0.12465743928213828,7.026759060888215,,44.58829975128174
6,5,3,[64],0.005,3,3,-170.97755432128906,-281.8663024902344,-428.57875960942704,-228.09234058350043,0.0004152823920265781,0.1188208966895439,8.962649048484304,,44.54821705818176
6,5,4,[64],0.005,3,4,-170.21298217773438,-319.96551513671875,-544.1095468465965,-240.34224529216218,0.008603124292506226,0.2018637608086042,7.968831600516241,,46.8641836643219
6,5,5,[64],0.005,3,5,-170.01524353027344,-358.13673400878906,-663.7876863404404,-253.7018292419542,0.09090909090909091,0.33719244049363234,7.237814607109861,0.15977422738075256,49.09432888031006
6,5,6,[64],0.005,3,6,-170.90260314941406,-401.5238800048828,-792.7570989893965,-273.315013331314,-0.0025994281258123215,0.2346030958567455,6.952137151406776,,49.625956535339355
6,5,3,[64],0.01,3,3,-171.10406494140625,-281.8316955566406,-428.5441526758333,-228.05773364990668,0.0004152823920265781,0.1188208966895439,8.967072916418553,,49.174291372299194
6,5,4,[64],0.01,3,4,-170.3829803466797,-319.76185607910156,-543.9058877889793,-240.138586234545,0.008603124292506226,0.2018637608086042,7.975323043726165,,47.866939306259155
6,5,5,[64],0.01,3,5,-170.23052978515625,-358.61045837402344,-664.2614107056747,-254.17555360718856,0.09678249678249679,0.3406206807092323,7.241808641885516,0.1780368664264679,47.867136001586914
6,5,6,[64],0.01,3,6,-171.31204223632812,-404.1780700683594,-795.411289052873,-275.96920339479055,-0.07982855612108224,0.11979048914177225,7.023594947483347,,48.56261110305786
7,5,3,[16],0.005,3,3,-174.94418334960938,-287.4776611328125,-434.19011825200516,-233.70369922607856,0.0004152823920265781,0.1188208966895439,8.970438188123639,,47.6882746219635
7,5,4,[16],0.005,3,4,-175.05599975585938,-321.6621398925781,-545.8061716024558,-242.03887004802155,-0.005745947055202134,0.13704662241996424,8.011485603603415,,47.28995728492737
7,5,5,[16],0.005,3,5,-174.1969757080078,-363.7831726074219,-669.4341249390732,-259.348267840587,0.006941230911614993,0.19167532653210462,7.465401609785719,0.09668757200241089,47.237873792648315
7,5,6,[16],0.005,3,6,-174.72640991210938,-400.9363098144531,-792.1695287989668,-272.7274431408843,0.002625360987135731,0.23087908067887228,7.026368672130602,,48.75034689903259
7,5,3,[16],0.01,3,3,-175.62437438964844,-287.3359375,-434.04839461919266,-233.56197559326606,0.0004152823920265781,0.1188208966895439,8.968302687730457,,47.96456456184387
7,5,4,[16],0.01,3,4,-175.25399780273438,-321.4513854980469,-545.5954172079246,-241.8281156534903,-0.005745947055202134,0.13704662241996424,7.999170703173759,,47.92985153198242
7,5,5,[16],0.01,3,5,-174.55862426757812,-363.4098205566406,-669.0607728882919,-258.9749157898058,0.006941230911614993,0.19167532653210462,7.470577402644326,0.10721356678009034,48.42940592765808
7,5,6,[16],0.01,3,6,-175.20985412597656,-401.90574645996094,-793.1389654444746,-273.6968797863921,0.002625360987135731,0.24042125011306545,6.953674122899537,,48.206685066223145
7,5,3,[32],0.005,3,3,-175.16275024414062,-287.1351623535156,-433.8476194727083,-233.36120044678168,0.0004152823920265781,0.1188208966895439,8.975873804335832,,47.40762114524841
7,5,4,[32],0.005,3,4,-174.93043518066406,-321.3332214355469,-545.4772531454246,-241.7099515909903,-0.009589326662497394,0.1323419151281266,8.007355659471509,,47.55481934547424
7,5,5,[32],0.005,3,5,-174.3403778076172,-363.7908020019531,-669.4417543336044,-259.3558972351183,0.012470023980815348,0.19822727929040562,7.469692158981155,0.10599662971496582,47.947935581207275
7,5,6,[32],0.005,3,6,-174.9462890625,-400.68231201171875,-791.9155309962324,-272.47344533814993,-0.010245901639344262,0.21410483354776128,7.015878418899771,,49.39654803276062
7,5,3,[32],0.01,3,3,-175.49085998535156,-286.23974609375,-432.95220321294266,-232.46578418701606,0.00615637184485943,0.12539781707854455,8.970810831580497,,47.77666878700256
7,5,4,[32],0.01,3,4,-175.1409912109375,-321.2373962402344,-545.3814279501121,-241.6141263956778,-0.009589326662497394,0.1323419151281266,8.012050098142254,,47.80738663673401
7,5,5,[32],0.01,3,5,-175.2743377685547,-363.2811737060547,-668.932126037706,-258.84626893921984,0.006941230911614993,0.19167532653210462,7.464720565683319,0.1339346981048584,48.86827778816223
7,5,6,[32],0.01,3,6,-174.9503631591797,-401.4407043457031,-792.6739233302168,-273.2318376721343,0.010660980810234541,0.24038815122135054,7.016622179914096,,47.93806266784668
7,5,3,[64],0.005,3,3,-175.18727111816406,-286.81163024902344,-433.5240873682161,-233.0376683422895,0.00615637184485943,0.12539781707854455,8.987401390335144,,47.3626446723938
7,5,4,[64],0.005,3,4,-174.7839813232422,-321.24375915527344,-545.3877908651511,-241.62048931071686,-0.011895321173671689,0.09579377351011698,8.041611331120441,,48.064167499542236
7,5,5,[64],0.005,3,5,-174.40924072265625,-363.0917053222656,-668.7426576539169,-258.6568005554308,-0.015347721822541967,0.1685054713957105,7.4656544155739155,0.12203459191322327,48.672364711761475
7,5,6,[64],0.005,3,6,-174.85227966308594,-400.81329345703125,-792.0465124415449,-272.60442678346243,-0.010245901639344262,0.21410483354776128,7.023474729188256,,48.712199449539185
7,5,3,[64],0.01,3,3,-175.72216796875,-285.2596740722656,-431.9721311914583,-231.48571216553168,-0.027375201288244767,0.09301401724350412,8.980937997739234,,47.67259764671326
7,5,4,[64],0.01,3,4,-175.0229034423828,-324.9203186035156,-549.0643503133933,-245.29704875895905,0.00404040404040404,0.19789730649381085,7.945312382562056,,48.02214312553406
7,5,5,[64],0.01,3,5,-175.36631774902344,-363.1123962402344,-668.7633485718857,-258.6774914733995,-0.0034355828220858898,0.1980311844945023,7.463359417345378,0.1461451153755188,48.16053056716919
7,5,6,[64],0.01,3,6,-175.18533325195312,-401.2434387207031,-792.4766577052168,-273.0345720471343,-0.010245901639344262,0.21410483354776128,7.022555623168783,,48.12311315536499
8,5,3,[16],0.005,3,3,-163.5306396484375,-273.8409729003906,-420.5534300195833,-220.06701099365668,0.07643312101910828,0.21764475968604455,8.783978312484006,,47.19091176986694
8,5,4,[16],0.005,3,4,-164.25262451171875,-319.919189453125,-544.0632211630027,-240.29591960856843,-0.059969358721820964,0.08129210236439781,7.978206878902333,,48.19947385787964
8,5,5,[16],0.005,3,5,-165.089111328125,-357.6131591796875,-663.2641115113388,-253.17825441285262,0.052763819095477386,0.24981989825671042,7.350630682635809,0.12354327154159545,45.03775763511658
8,5,6,[16],0.005,3,6,-162.6200714111328,-398.12242126464844,-789.3556402491621,-269.9135545910796,0.08485812781755503,0.3226384934734796,6.961879815210836,,44.75113582611084
8,5,3,[16],0.01,3,3,-163.6077423095703,-273.2783660888672,-419.99082320805985,-219.50440418213324,0.07643312101910828,0.21764475968604455,8.7346356991951,,44.2721529006958
8,5,4,[16],0.01,3,4,-164.4911346435547,-318.39862060546875,-542.5426523153465,-238.77535076091218,-0.07157796885893562,0.07382217463659825,7.967912597199818,,45.47429013252258
8,5,5,[16],0.01,3,5,-166.26910400390625,-354.93707275390625,-660.5880250855575,-250.50216798707137,-0.015406162464985995,0.16907304095378084,7.349038039660296,0.11649647521972657,25.811956644058228
8,5,6,[16],0.01,3,6,-163.0727996826172,-398.0138854980469,-789.2471044825605,-269.80501882447805,-0.02782882646363875,0.1905810297165723,6.958837387772286,,23.644535541534424
8,5,3,[32],0.005,3,3,-162.94912719726562,-275.0227966308594,-421.73525375005204,-221.24883472412543,0.07643312101910828,0.21764475968604455,8.75446902331442,,22.82728338241577
8,5,4,[32],0.005,3,4,-164.16744995117188,-319.47808837890625,-543.622120088784,-239.85481853434968,-0.02367109634551495,0.09746861875864289,7.963009172827597,,23.7475848197937
8,5,5,[32],0.005,3,5,-165.25894165039062,-358.1421203613281,-663.7930726929794,-253.70721559449325,0.052763819095477386,0.24981989825671042,7.364105585427553,0.1304388768672943,23.968758821487427
8,5,6,[32],0.005,3,6,-162.67893981933594,-398.0621643066406,-789.2953832911543,-269.8532976330718,-0.004797441364605544,0.22940513138322663,6.955985559688817,,32.318819761276245
8,5,3,[32],0.01,3,3,-163.2899627685547,-275.4266662597656,-422.1391233789583,-221.65270435303168,0.07643312101910828,0.21764475968604455,8.73926978401712,,38.988219261169434
8,5,4,[32],0.01,3,4,-164.42552185058594,-319.58534240722656,-543.7293741171043,-239.96207256267,-0.02367109634551495,0.09746861875864289,7.965411137085604,,41.34917140007019
8,5,5,[32],0.01,3,5,-165.92393493652344,-358.4317626953125,-664.0827150269638,-253.99685792847762,0.042881233437725846,0.21704118376199716,7.364677947019958,0.15558460187911988,37.048606872558594
8,5,6,[32],0.01,3,6,-163.0160369873047,-398.3374328613281,-789.5706518458418,-270.1285661877593,0.010660980810234541,0.2403881512213506,6.957111859196904,,41.941293478012085
8,5,3,[64],0.005,3,3,-162.86343383789062,-276.3903350830078,-423.1027922022005,-222.61637317627387,0.014330332537203748,0.12653988429016993,8.754676404526347,,40.518839836120605
8,5,4,[64],0.005,3,4,-164.38717651367188,-319.4497833251953,-543.593815035073,-239.82651348063874,-0.017648265955263698,0.10250769661892574,7.959947607792174,,39.58021330833435
8,5,5,[64],0.005,3,5,-164.98435974121094,-357.8125305175781,-663.4634828492294,-253.37762575074325,0.052763819095477386,0.24981989825671042,7.365169041565005,0.13204861831665038,40.80409288406372
8,5,6,[64],0.005,3,6,-162.60348510742188,-398.0101318359375,-789.2433508204512,-269.8012651623687,-0.004797441364605544,0.22940513138322663,6.9589262225161495,,42.85963559150696
8,5,3,[64],0.01,3,3,-163.42210388183594,-276.18701171875,-422.89946883794266,-222.41304981201606,0.014330332537203748,0.12653988429016993,8.751359573294897,,37.454198598861694
8,5,4,[64],0.01,3,4,-164.58961486816406,-319.85731506347656,-544.0013467733543,-240.23404521892,-0.02367109634551495,0.09746861875864289,7.969383006935722,,39.80724096298218
8,5,5,[64],0.01,3,5,-165.366943359375,-357.8938751220703,-663.5448274537216,-253.45897035523544,0.052763819095477386,0.24981989825671042,7.365992720376543,0.1546631736755371,42.24320101737976
8,5,6,[64],0.01,3,6,-162.99525451660156,-398.0579833984375,-789.2912023829512,-269.8491167248687,-0.004797441364605544,0.22940513138322663,6.960354536326261,,40.30528235435486
9,5,3,[16],0.005,3,3,-167.7069854736328,-281.1212158203125,-427.83367293950516,-227.34725391357856,-0.02168021680216802,0.09960870013079663,9.020030645244804,,42.61209225654602
9,5,4,[16],0.005,3,4,-168.60012817382812,-327.3818054199219,-551.5258371297996,-247.7585355753653,0.008603124292506226,0.2018637608086042,7.960800773631504,,45.931477546691895
9,5,5,[16],0.005,3,5,-167.85328674316406,-359.9256134033203,-665.5765657349716,-255.49070863648544,-0.03872216844143272,0.15427529795903422,7.45971053536745,0.1621030385494232,39.370943784713745
9,5,6,[16],0.005,3,6,-167.15383911132812,-398.85174560546875,-790.0849645899824,-270.64287893189993,0.01785245471252297,0.26013475876420467,7.035652287420165,,40.16886758804321
9,5,3,[16],0.01,3,3,-167.83082580566406,-281.5603332519531,-428.2727903711458,-227.78637134521918,-0.02168021680216802,0.09960870013079663,9.025103438555007,,43.46114897727966
9,5,4,[16],0.01,3,4,-168.994873046875,-326.67767333984375,-550.8217050497215,-247.05440349528718,0.00404040404040404,0.19789730649381085,7.958847121579156,,42.32501292228699
9,5,5,[16],0.01,3,5,-168.42340087890625,-361.0962371826172,-666.7471895142685,-256.66133241578234,-0.0221147201105736,0.13208552039029137,7.455807848613232,0.1511265320777893,43.83160638809204
9,5,6,[16],0.01,3,6,-167.7484893798828,-398.2656555175781,-789.4988745020918,-270.0567888440093,-0.027529951567677798,0.20082397156722512,7.039558793656129,,45.47227692604065
9,5,3,[32],0.005,3,3,-167.61827087402344,-279.86439514160156,-426.5768522607942,-226.09043323486762,0.0004152823920265781,0.1188208966895439,8.964315654623546,,37.59569835662842
9,5,4,[32],0.005,3,4,-168.95712280273438,-318.3711242675781,-542.5151559774558,-238.74785442302155,-0.010118700136213271,0.09883506416238422,8.035867648985338,,40.579036235809326
9,5,5,[32],0.005,3,5,-167.7914276123047,-359.8979187011719,-665.5488710328232,-255.463013934337,-0.0221147201105736,0.13208552039029137,7.468689850095807,0.1764487638473511,39.68710732460022
9,5,6,[32],0.005,3,6,-167.55227661132812,-398.7820129394531,-790.0152319239668,-270.5731462658843,0.004610655737704918,0.2436379047546334,7.029830063708708,,22.782551050186157
9,5,3,[32],0.01,3,3,-168.01553344726562,-280.1398468017578,-426.8523039209505,-226.36588489502387,0.0004152823920265781,0.1188208966895439,8.962791988623378,,20.941171884536743
9,5,4,[32],0.01,3,4,-169.1429443359375,-318.71826171875,-542.8622934286277,-239.09499187419343,-0.011895321173671689,0.09579377351011698,8.025111346452775,,21.537733554840088
9,5,5,[32],0.01,3,5,-169.08018493652344,-360.55247497558594,-666.2034273072372,-256.1175702087511,-0.04316546762589928,0.14945388433991746,7.465432034537003,0.17395267844200135,23.738415479660034
9,5,6,[32],0.01,3,6,-167.76051330566406,-398.4453887939453,-789.678607778459,-270.2365221203765,0.015151515151515152,0.255483654393057,7.037427309934546,,21.766268253326416
9,5,3,[64],0.005,3,3,-167.87008666992188,-280.2687530517578,-426.9812101709505,-226.49479114502387,0.0004152823920265781,0.1188208966895439,8.96738652616275,,22.582816123962402
9,5,4,[64],0.005,3,4,-168.76734924316406,-317.4134521484375,-541.5574838583152,-237.79018230388093,-0.011895321173671689,0.09579377351011698,8.021191178567904,,25.39806628227234
9,5,5,[64],0.005,3,5,-168.05337524414062,-359.8856201171875,-665.5365724488388,-255.45071535035262,-0.0221147201105736,0.13208552039029137,7.4684955741501815,0.18591257691383364,24.129414081573486
9,5,6,[64],0.005,3,6,-167.7138671875,-398.8228759765625,-790.0560949610762,-270.6140093029937,0.033079548437910215,0.28939043684953714,7.027384228816221,,22.29000186920166
9,5,3,[64],0.01,3,3,-168.16477966308594,-281.0792999267578,-427.7917570459505,-227.30533802002387,-0.02168021680216802,0.09960870013079663,9.032073708386102,,26.14361548423767
9,5,4,[64],0.01,3,4,-168.8106689453125,-317.6111755371094,-541.7552072469871,-237.9879056925528,-0.009589326662497394,0.1323419151281266,8.024941272703952,,21.671859979629517
9,5,5,[64],0.01,3,5,-168.7704620361328,-356.0711975097656,-661.7221498414169,-251.63629274293075,0.12215376372890437,0.3674581052283218,7.222446992682865,0.20489729619026187,24.27501630783081
9,5,6,[64],0.01,3,6,-167.96142578125,-398.9575500488281,-790.1907690333418,-270.7486833752593,0.015151515151515152,0.255483654393057,7.0148064907431396,,23.8054780960083
1,5,3,[16],0.01,5,3,-186.75599670410156,-263.9841613769531,-410.6966184961458,-210.21019947021918,-0.017648265955263698,0.09795004186824757,8.921870978211972,,20.37797975540161
1,5,4,[16],0.01,5,4,-187.50047302246094,-301.72718811035156,-525.8712198202293,-222.103918265795,-0.037642192347466394,0.11622126180683026,8.05753740579095,,20.55206561088562
1,5,5,[16],0.01,5,5,-187.6785888671875,-342.1607360839844,-647.8116884156357,-237.7258313171495,-0.024888003982080638,0.21534008405429886,7.346046252505387,0.1289534010887146,21.07179069519043
1,5,6,[16],0.01,5,6,-186.77059936523438,-381.6304626464844,-772.863681630998,-253.42159597291555,0.10720175920835624,0.32622566250992646,6.864326198692519,,22.820116996765137
1,5,3,[32],0.005,5,3,-186.38522338867188,-263.55194091796875,-410.2643980371614,-209.7779790112348,-0.017648265955263698,0.09795004186824757,8.92714151507997,,20.351308822631836
1,5,4,[32],0.005,5,4,-187.0284423828125,-302.15869140625,-526.3027231161277,-222.53542156169343,-0.037642192347466394,0.11622126180683026,8.083798151254395,,20.981096267700195
1,5,5,[32],0.005,5,5,-186.26768493652344,-342.213623046875,-647.8645753785263,-237.77871828004012,-0.05250965250965251,0.1592119892373118,7.333479019257402,0.13443930912017824,20.556681871414185
1,5,6,[32],0.005,5,6,-186.40785217285156,-381.41912841796875,-772.6523474024824,-253.21026174439993,0.12314458493677845,0.3550373526186419,6.863769388842353,,19.96179962158203
1,5,3,[32],0.01,5,3,-187.8596649169922,-264.71807861328125,-411.4305357324739,-210.9441167065473,-0.017648265955263698,0.09795004186824757,8.926744699790689,,20.868070125579834
1,5,4,[32],0.01,5,4,-187.1567840576172,-301.8392333984375,-525.9832651083152,-222.21596355388093,-0.03812751535691591,0.11969000406043553,8.070890593502293,,20.153201580047607
1,5,5,[32],0.01,5,5,-187.19932556152344,-342.0921630859375,-647.7431154175888,-237.65725831910262,-0.020100502512562814,0.19671822793453625,7.34682000691819,0.12966239738464355,21.317371129989624
1,5,6,[32],0.01,5,6,-186.51370239257812,-381.4385986328125,-772.6718176173262,-253.22973195924368,0.062448190107764576,0.27865959812962,6.862526788937233,,20.018672466278076
1,5,3,[64],0.005,5,3,-186.83792114257812,-264.1358337402344,-410.84829085942704,-210.36187183350043,-0.017648265955263698,0.09795004186824757,8.914203014595987,,19.796135187149048
1,5,4,[64],0.005,5,4,-186.9237518310547,-301.85858154296875,-526.0026132528465,-222.23531169841218,-0.03812751535691591,0.11969000406043553,8.079188614247267,,20.852239847183228
1,5,5,[64],0.005,5,5,-186.10986328125,-341.85150146484375,-647.502453796495,-237.41659669800887,-0.03758043758043758,0.18879432652150854,7.323371333098574,0.14658558177948,21.410266160964966
1,5,6,[64],0.005,5,6,-186.1204376220703,-381.4130859375,-772.6463049220137,-253.20421926393118,0.07847471677258912,0.28951550075545535,6.858828108483439,,20.09726905822754
1,5,3,[64],0.01,5,3,-188.0933380126953,-261.9963836669922,-408.70884078618485,-208.22242176025824,-0.0003965107057890563,0.13742586859205197,8.894447055344,,21.116084814071655
1,5,4,[64],0.01,5,4,-187.1090087890625,-301.3050842285156,-525.4491159383933,-221.68181438395905,-0.03812751535691591,0.11969000406043553,8.074183220393573,,20.46598792076111
1,5,5,[64],0.01,5,5,-186.24853515625,-341.6182556152344,-647.2692079468857,-237.1833508483995,-0.005173305742369374,0.2322460268599555,7.314922335120434,0.15281292366981508,20.37004041671753
1,5,6,[64],0.01,5,6,-186.3238525390625,-381.60321044921875,-772.8364294337324,-253.39434377564993,0.07219031993437244,0.2829464064678813,6.85439558187838,,22.6629741191864
2,5,3,[16],0.005,5,3,-199.1693115234375,-271.65855407714844,-418.3710111963411,-217.8845921704145,0.0004152823920265781,0.1188208966895439,8.970878840289355,,21.453432083129883
2,5,4,[16],0.005,5,4,-200.44602966308594,-311.37364196777344,-535.5176736776511,-231.75037212321686,0.08991764967727577,0.26060116251926146,7.971173990575626,,21.861523628234863
2,5,5,[16],0.005,5,5,-199.07398986816406,-351.2547302246094,-656.9056825562607,-246.8198254577745,-0.030790129046864387,0.12176042733347679,7.466025130714044,0.1949677484035492,20.372807264328003
2,5,6,[16],0.005,5,6,-198.20877075195312,-393.0316162109375,-784.2648351954512,-264.8227495373687,0.002625360987135731,0.24042125011306545,6.959528392998772,,21.106577396392822
2,5,3,[16],0.01,5,3,-200.0169677734375,-271.3797607421875,-418.09221786138016,-217.60579883545356,0.013846467114640602,0.12616572222461808,8.972578420358872,,20.00218892097473
2,5,4,[16],0.01,5,4,-200.9088592529297,-311.5346984863281,-535.6787301962058,-231.91142864177155,0.05914809092915471,0.22813073088196623,7.975606903879992,,22.174344539642334
2,5,5,[16],0.01,5,5,-200.38978576660156,-351.14935302734375,-656.800305358995,-246.71444826050887,-0.04924623115577889,0.14093151334475215,7.4599591099686355,0.21158636856079102,20.82284116744995
2,5,6,[16],0.01,5,6,-198.31822204589844,-393.0215606689453,-784.254779653459,-264.8126939953765,0.002625360987135731,0.24042125011306545,6.957941872196672,,20.969848155975342
2,5,3,[32],0.005,5,3,-199.16761779785156,-271.5492248535156,-418.2616819727083,-217.77526294678168,0.0004152823920265781,0.1188208966895439,8.969245545660844,,22.001254320144653
2,5,4,[32],0.005,5,4,-200.323974609375,-309.94598388671875,-534.0900155965965,-230.32271404216218,0.015596330275229359,0.21202604745572975,8.00193576004089,,20.176854133605957
2,5,5,[32],0.005,5,5,-199.28514099121094,-351.12158203125,-656.7725343629013,-246.68667726441512,-0.049680624556423,0.1023409099268707,7.4715812224254865,0.20276219058036804,20.358325242996216
2,5,6,[32],0.005,5,6,-198.49981689453125,-392.9547119140625,-784.1879308985762,-264.7458452404937,0.002625360987135731,0.24042125011306545,6.958191063194766,,19.517768144607544
2,5,3,[32],0.01,5,3,-199.6708526611328,-271.29693603515625,-418.0093931543489,-217.5229741284223,0.012458471760797342,0.1250721412023751,8.974372429005456,,21.25815773010254
2,5,4,[32],0.01,5,4,-201.00558471679688,-309.6864318847656,-533.8304635946433,-230.06316204020905,-0.0033755274261603376,0.16328334429363323,8.016420108418908,,19.068323850631714
2,5,5,[32],0.01,5,5,-200.14306640625,-349.61993408203125,-655.2708864136825,-245.18502931519637,-0.012880852117909338,0.1995283367824937,7.3323002586745725,0.21372290539741517,21.16869306564331
2,5,6,[32],0.01,5,6,-198.45298767089844,-393.0411071777344,-784.274326162248,-264.83224050416555,0.002625360987135731,0.24042125011306545,6.961113735484323,,20.379640340805054
2,5,3,[64],0.005,5,3,-199.35504150390625,-271.5067443847656,-418.2192015039583,-217.73278247803168,-0.03377110694183865,0.06534953134809622,8.97066973580957,,21.41327691078186
2,5,4,[64],0.005,5,4,-200.1651153564453,-309.6519317626953,-533.795963472573,-230.02866191813874,0.015596330275229359,0.21202604745572975,8.007201630082335,,21.29762601852417
2,5,5,[64],0.005,5,5,-199.38006591796875,-351.1917724609375,-656.8427247925888,-246.75686769410262,-0.05091743119266055,0.09037446421759496,7.472330760709594,0.21337244391441346,21.408350229263306
2,5,6,[64],0.005,5,6,-198.42718505859375,-392.9057159423828,-784.1389349268965,-264.696849268814,0.002625360987135731,0.24042125011306545,6.96177394283488,,21.468973636627197
2,5,3,[64],0.01,5,3,-199.64048767089844,-271.6249694824219,-418.33742660161454,-217.85100757568793,-0.059800664451827246,0.041818591880555214,8.976980553112867,,19.21135449409485
2,5,4,[64],0.01,5,4,-200.66156005859375,-309.60948181152344,-533.7535135214011,-229.98621196696686,-0.010118700136213271,0.09883506416238422,8.023732882916587,,20.50008463859558
2,5,5,[64],0.01,5,5,-200.2120361328125,-351.0109558105469,-656.6619081421982,-246.576051043712,-0.07266360253884876,0.06986335740529738,7.467331120370022,0.22114753890037536,21.925734519958496
2,5,6,[64],0.01,5,6,-198.82118225097656,-392.93682861328125,-784.1700475977949,-264.72796193971243,-0.005527638190954774,0.2123937605773855,6.96394571044324,,21.892724752426147
3,5,3,[16],0.005,5,3,-208.11029052734375,-280.56463623046875,-427.2770933496614,-226.7906743237348,-0.012139605462822459,0.13506039723948635,9.023001927691293,,20.888264417648315
3,5,4,[16],0.005,5,4,-207.6871337890625,-315.725830078125,-539.8698617880027,-236.10256023356843,0.012458471760797342,0.15110255373226553,7.980739681129329,,22.086819887161255
3,5,5,[16],0.005,5,5,-206.91989135742188,-361.3055419921875,-666.9564943238388,-256.87063722535265,-0.05091743119266055,0.11015776274384026,7.424064845999994,0.09715781950950621,20.97969150543213
3,5,6,[16],0.005,5,6,-207.23573303222656,-396.8020477294922,-788.0352667140058,-268.59318105592337,0.062448190107764576,0.27865959812961993,6.853699699953893,,21.75659441947937
3,5,3,[16],0.01,5,3,-209.07861328125,-280.5638122558594,-427.27626937505204,-226.78985034912543,-0.03894910894727172,0.09518808652644836,9.030879402669752,,20.741640329360962
3,5,4,[16],0.01,5,4,-207.9958038330078,-316.0378112792969,-540.1818429891746,-236.4145414347403,0.012458471760797342,0.15110255373226553,7.997807160336554,,21.408879280090332
3,5,5,[16],0.01,5,5,-207.9935302734375,-361.4186706542969,-667.0696229859482,-256.983765887462,-0.06340193991010172,0.09049623665603769,7.41895753017615,0.09060158586502076,20.911950826644897
3,5,6,[16],0.01,5,6,-208.11683654785156,-396.4979553222656,-787.7311743067793,-268.2890886486968,0.030395136778115502,0.23904205196160658,6.855133562765098,,21.219698905944824
3,5,3,[32],0.005,5,3,-207.92559814453125,-277.49681091308594,-424.2092680322786,-223.722849006352,0.0025015634771732333,0.0996087001307966,8.94988719653043,,20.663037061691284
3,5,4,[32],0.005,5,4,-207.8408203125,-316.0732116699219,-540.2172433797996,-236.4499418253653,0.012458471760797342,0.15110255373226553,7.99358058585282,,20.774150371551514
3,5,5,[32],0.005,5,5,-206.74346923828125,-360.55738830566406,-666.2083406373154,-256.1224835388292,-0.049680624556423,0.1416592854712431,7.420754541681278,0.10761751580238343,22.811344861984253
3,5,6,[32],0.005,5,6,-207.64111328125,-396.97314453125,-788.2063635157637,-268.7642778576812,0.030395136778115502,0.23904205196160658,6.86124236156316,,22.61141347885132
3,5,3,[32],0.01,5,3,-208.3545379638672,-277.29364013671875,-424.0060972559114,-223.5196782299848,0.00615637184485943,0.09795004186824756,8.949350388947506,,21.43959331512451
3,5,4,[32],0.01,5,4,-208.1068572998047,-316.5435485839844,-540.6875802938621,-236.9202787394278,0.012458471760797342,0.15110255373226553,8.007723313703545,,20.767574071884155
3,5,5,[32],0.01,5,5,-206.8712158203125,-360.2698059082031,-665.9207582398544,-255.83490114136825,-0.06467298808655482,0.12019552425075028,7.415897019320545,0.11929833936691285,20.742326259613037
3,5,6,[32],0.01,5,6,-208.02874755859375,-396.80535888671875,-788.0385778712324,-268.59649221314993,0.07219031993437244,0.3009209141578604,6.843486335036683,,22.689197778701782
3,5,3,[64],0.005,5,3,-207.8006591796875,-277.26197814941406,-423.9744352686067,-223.48801624268012,0.0025015634771732333,0.0996087001307966,8.935517704276654,,20.810906887054443
3,5,4,[64],0.005,5,4,-207.59158325195312,-316.2705078125,-540.4145395223777,-236.64723796794343,0.012458471760797342,0.15110255373226553,8.01063510518554,,21.246026515960693
3,5,5,[64],0.005,5,5,-206.94342041015625,-360.02244567871094,-665.6733980103622,-255.58754091187606,-0.049680624556423,0.1416592854712431,7.416118058787714,0.12034832906723021,21.25571370124817
3,5,6,[64],0.005,5,6,-207.33372497558594,-397.7281188964844,-788.961337880998,-269.51925222291555,0.02461033634126333,0.23227911502635445,6.857340024624457,,20.25771474838257
3,5,3,[64],0.01,5,3,-207.85031127929688,-277.3269500732422,-424.03940719243485,-223.55298816650824,-0.017648265955263698,0.07650842187399585,8.941870501942486,,20.720519542694092
3,5,4,[64],0.01,5,4,-207.84454345703125,-316.62060546875,-540.7646371786277,-236.99733562419343,-0.013650465356773526,0.12862822585963476,8.029687045930949,,20.61154580116272
3,5,5,[64],0.01,5,5,-207.29058837890625,-360.08982849121094,-665.7407808228622,-255.65492372437606,-0.049680624556423,0.1416592854712431,7.414600591764979,0.1304332776069641,20.471811056137085
3,5,6,[64],0.01,5,6,-208.1643829345703,-397.74700927734375,-788.9802282618574,-269.53814260377493,0.03754080522306855,0.25855170224802637,6.856631114862837,,21.475555181503296
4,5,3,[16],0.005,5,3,-198.1414031982422,-269.704833984375,-416.41729110356766,-215.93087207764106,0.031746031746031744,0.13837991235944777,8.773772675837286,,20.090473890304565
4,5,4,[16],0.005,5,4,-198.25128173828125,-309.406494140625,-533.5505258505027,-229.78322429606843,-0.01551418439716312,0.156517326210852,8.00515980058564,,21.128222465515137
4,5,5,[16],0.005,5,5,-197.3073272705078,-348.15008544921875,-653.80103778087,-243.71518068238387,0.034038414782397275,0.23496538182289742,7.223436640336311,0.15543089056015014,21.729982614517212
4,5,6,[16],0.005,5,6,-198.27316284179688,-390.5152282714844,-781.748447255998,-262.30636159791555,0.072783987522745,0.27403787478898733,6.88803515418924,,22.37770986557007
4,5,3,[16],0.01,5,3,-198.28854370117188,-269.5063018798828,-416.2187589990755,-215.73233997314887,0.02887507519550832,0.19112154139770818,8.952931146653317,,21.861133813858032
4,5,4,[16],0.01,5,4,-198.9034423828125,-308.72230529785156,-532.8663370077293,-229.099035453295,0.03486529318541997,0.2175100463276415,7.837360758191073,,1569.6930816173553
4,5,5,[16],0.01,5,5,-197.9145965576172,-348.153076171875,-653.8040285035263,-243.71817140504012,0.02138783269961977,0.22207130782314988,7.244423096430264,0.1540228452682495,21.064001083374023
4,5,6,[16],0.01,5,6,-198.6316375732422,-390.2062683105469,-781.4394872950605,-261.99740163697805,0.08185328185328185,0.295178927724299,6.880305460146444,,21.22887086868286
4,5,3,[32],0.005,5,3,-197.58421325683594,-270.19622802734375,-416.9086851465364,-216.4222661206098,0.02260111022997621,0.15911157793547093,8.995277170981211,,22.75044846534729
4,5,4,[32],0.005,5,4,-198.3658905029297,-308.7714080810547,-532.9154397909324,-229.1481382364981,0.03486529318541997,0.2175100463276415,7.846084467356806,,39.976404666900635
4,5,5,[32],0.005,5,5,-197.27293395996094,-348.36065673828125,-654.0116090699325,-243.92575197144637,0.003388189738625363,0.21276729658051916,7.217976487204681,0.1616128704547882,43.44793510437012
4,5,6,[32],0.005,5,6,-198.5200653076172,-390.5320587158203,-781.765277700334,-262.3231920422515,0.072783987522745,0.27403787478898733,6.8910755531086085,,42.25321888923645
4,5,3,[32],0.01,5,3,-197.27284240722656,-270.21759033203125,-416.9300474512239,-216.4436284252973,0.005614597954682173,0.14329169093808727,8.981468690293303,,21.633398294448853
4,5,4,[32],0.01,5,4,-198.90821838378906,-309.11888122558594,-533.2629129354636,-229.49561138102936,-0.04392121349332126,0.11561781859776545,8.016059727706121,,21.1122305393219
4,5,5,[32],0.01,5,5,-198.04544067382812,-348.4524841308594,-654.1034364625107,-244.0175793640245,0.003388189738625363,0.21276729658051916,7.229696353316798,0.1703021821975708,28.05662226676941
4,5,6,[32],0.01,5,6,-199.11045837402344,-389.150634765625,-780.3838537501387,-260.9417680920562,0.05349693251533742,0.2483870260965335,6.95823855129856,,44.088834285736084
4,5,3,[64],0.005,5,3,-197.44351196289062,-270.45684814453125,-417.1693052637239,-216.6828862377973,0.023740027242654213,0.17912943921560276,9.004618599156755,,43.66103386878967
4,5,4,[64],0.005,5,4,-198.4058837890625,-309.3227844238281,-533.4668161337058,-229.69951457927155,-0.01551418439716312,0.156517326210852,8.016101888826022,,42.17962074279785
4,5,5,[64],0.005,5,5,-197.1114501953125,-348.2010498046875,-653.8520021363388,-243.76614503785262,0.019936785801118406,0.22735511486000987,7.214863198055873,0.1683721587657928,44.26268434524536
4,5,6,[64],0.005,5,6,-198.463134765625,-390.39910888671875,-781.6323278712324,-262.19024221314993,0.072783987522745,0.27403787478898733,6.895991419017511,,22.79937195777893
4,5,3,[64],0.01,5,3,-197.64187622070312,-270.36427307128906,-417.0767301904817,-216.59031116455512,0.005614597954682173,0.14329169093808727,8.996056971835094,,38.71677350997925
4,5,4,[64],0.01,5,4,-199.13232421875,-309.1824645996094,-533.3264963094871,-229.5591947550528,-0.04803591470258137,0.11810982728513235,8.02199413636947,,40.41486406326294
4,5,5,[64],0.01,5,5,-197.40538024902344,-347.9992980957031,-653.6502504273544,-243.56439332886825,-0.008516678495386799,0.19968991374248746,7.215270447974949,0.17323954200744626,41.1326162815094
4,5,6,[64],0.01,5,6,-199.13314819335938,-389.8330993652344,-781.066318349748,-261.62423269166555,0.072783987522745,0.27403787478898733,6.895941451036961,,43.394625663757324
5,5,3,[16],0.005,5,3,-203.2385711669922,-278.2319030761719,-424.94436019536454,-224.45794116943793,0.0004152823920265781,0.1188208966895439,8.970912157872961,,28.914983987808228
5,5,4,[16],0.005,5,4,-204.7440643310547,-318.59657287597656,-542.7406045858543,-238.97330303142,-0.013245033112582781,0.16747821460107745,7.950113287857529,,20.785581350326538
5,5,5,[16],0.005,5,5,-204.0094757080078,-354.8864440917969,-660.5373964234482,-250.451539324962,-0.027529951567677798,0.17435950182514456,7.301397715300808,0.15503141069412232,20.018934965133667
5,5,6,[16],0.005,5,6,-204.32447814941406,-395.9033660888672,-787.1365850733808,-267.69449941529837,-0.06894722885176346,0.12465743928213828,7.022287942406788,,22.270352840423584
5,5,3,[16],0.01,5,3,-203.18560791015625,-277.6201477050781,-424.3326048242708,-223.84618579834418,0.055473839041815506,0.1875055125757874,8.946960202139335,,20.38892126083374
5,5,4,[16],0.01,5,4,-207.7057647705078,-319.69874572753906,-543.8427774374168,-240.0754758829825,-0.004183128050197537,0.1788953115231723,7.917356736894471,,21.018938779830933
5,5,5,[16],0.01,5,5,-204.60826110839844,-355.47068786621094,-661.1216401978622,-251.03578309937606,-0.017672304973491544,0.19949419374921198,7.267240037542971,0.160235684633255,20.571656227111816
5,5,6,[16],0.01,5,6,-205.0033721923828,-396.74359130859375,-787.9768102931074,-268.53472463502493,0.015151515151515152,0.27374564842022236,7.020005416615155,,21.621257543563843
5,5,3,[32],0.005,5,3,-203.3810272216797,-277.6009216308594,-424.31337875005204,-223.82695972412543,0.0004152823920265781,0.1188208966895439,8.969570781747432,,20.74732518196106
5,5,4,[32],0.005,5,4,-205.17135620117188,-316.17657470703125,-540.320606416909,-236.55330486247468,-0.005745947055202134,0.13704662241996424,7.99968486893177,,21.43056845664978
5,5,5,[32],0.005,5,5,-204.2678985595703,-355.29039001464844,-660.9413423462997,-250.85548524781356,-0.017672304973491544,0.19949419374921198,7.3013992470944595,0.17113657569885254,20.549426794052124
5,5,6,[32],0.005,5,6,-204.3168182373047,-395.8468933105469,-787.0801122950605,-267.63802663697805,-0.06894722885176346,0.12465743928213828,7.018739447747534,,21.301461458206177
5,5,3,[32],0.01,5,3,-203.69766235351562,-277.30987548828125,-424.0223326074739,-223.5359135815473,0.0004152823920265781,0.1188208966895439,8.966306975296503,,22.241389274597168
5,5,4,[32],0.01,5,4,-206.60887145996094,-316.20216369628906,-540.3461954061668,-236.5788938517325,0.0025015634771732333,0.14492025109061749,8.001124302356363,,22.552664756774902
5,5,5,[32],0.01,5,5,-204.86520385742188,-355.78187561035156,-661.4328279420029,-251.3469708435167,-0.008266472161439338,0.2039267747869785,7.416654496996888,0.19208095526695254,22.580641746520996
5,5,6,[32],0.01,5,6,-204.2810821533203,-395.4179382324219,-786.6511572169355,-267.20907155885305,-0.06894722885176346,0.12465743928213828,7.0118544221617025,,21.697773933410645
5,5,3,[64],0.005,5,3,-203.74221801757812,-277.1477355957031,-423.8601927148958,-223.37377368896918,0.0004152823920265781,0.1188208966895439,8.970104603975985,,21.534489631652832
5,5,4,[64],0.005,5,4,-205.3115997314453,-315.74163818359375,-539.8856698934715,-236.11836833903718,0.019806243272335846,0.18558267919529411,7.991102606156241,,21.855806827545166
5,5,5,[64],0.005,5,5,-204.56898498535156,-355.34715270996094,-660.9981050416122,-250.91224794312606,-0.0034355828220858898,0.20920115857574056,7.3051402654960125,0.18267527270317077,22.01451086997986
5,5,6,[64],0.005,5,6,-203.81683349609375,-395.9837951660156,-787.2170141505293,-267.7749284924468,-0.06894722885176346,0.12465743928213828,7.020014710258728,,22.21055579185486
5,5,3,[64],0.01,5,3,-204.29000854492188,-276.65692138671875,-423.3693785059114,-222.8829594799848,0.0004152823920265781,0.1188208966895439,8.966384471623737,,21.843816995620728
5,5,4,[64],0.01,5,4,-207.77346801757812,-314.58941650390625,-538.733448213784,-234.96614665934968,0.13044429853359596,0.3121211379282307,7.976106265395348,,21.12401056289673
5,5,5,[64],0.01,5,5,-205.4615478515625,-355.6361999511719,-661.2871522828232,-251.201295184337,-0.017672304973491544,0.19949419374921198,7.303626353784919,0.19104560351371766,21.77119517326355
5,5,6,[64],0.01,5,6,-204.29653930664062,-395.71502685546875,-786.9482458399824,-267.50616018189993,-0.06894722885176346,0.12465743928213828,7.0186062124214565,,22.491352319717407
6,5,3,[16],0.005,5,3,-200.7547607421875,-275.3668670654297,-422.07932418462235,-221.59290515869574,0.0004152823920265781,0.1188208966895439,8.97317497611045,,22.02456831932068
6,5,4,[16],0.005,5,4,-200.2503662109375,-313.5740051269531,-537.7180368368308,-233.95073528239655,0.008603124292506226,0.2018637608086042,7.955926658744762,,22.136770009994507
6,5,5,[16],0.005,5,5,-201.5126495361328,-351.41383361816406,-657.0647859498154,-246.9789288513292,0.09678249678249679,0.3590373496431169,7.252825931620479,0.12482144713401794,22.27630615234375
6,5,6,[16],0.005,5,6,-201.6707763671875,-392.2154541015625,-783.4486730860762,-264.0065874279937,0.010660980810234541,0.2365375197685036,6.919274898108288,,20.60725235939026
6,5,3,[16],0.01,5,3,-202.35142517089844,-275.37391662597656,-422.0863737451692,-221.59995471924262,0.006724101702038243,0.12583504576082497,8.969973713137252,,21.713091373443604
6,5,4,[16],0.01,5,4,-200.518798828125,-312.7793884277344,-536.9234201376121,-233.1561185831778,0.008603124292506226,0.2018637608086042,7.962128229653669,,21.652528762817383
6,5,5,[16],0.01,5,5,-201.77459716796875,-353.85284423828125,-659.5037965699325,-249.41793947144637,-0.03917204540396172,0.10074394464515232,7.480004219385244,0.13787223219871522,21.863386869430542
6,5,6,[16],0.01,5,6,-202.12295532226562,-397.05419921875,-788.2874182032637,-268.8453325451812,-0.06429145459416019,0.1335817605302498,7.020731021337913,,21.551456212997437
6,5,3,[32],0.005,5,3,-201.09754943847656,-275.47369384765625,-422.1861509668489,-221.6997319409223,0.0004152823920265781,0.1188208966895439,8.970528353184562,,20.14961004257202
6,5,4,[32],0.005,5,4,-200.19444274902344,-313.1991882324219,-537.3432199422996,-233.5759183878653,0.008603124292506226,0.2018637608086042,7.94668627536602,,19.68089509010315
6,5,5,[32],0.005,5,5,-201.13194274902344,-350.1611328125,-655.8120851441513,-245.72622804566512,-0.017672304973491544,0.19949419374921198,7.313688180263778,0.1343820698261261,21.1448872089386
6,5,6,[32],0.005,5,6,-202.00338745117188,-395.421875,-786.6550939845137,-267.2130083264312,0.002625360987135731,0.24042125011306545,6.966122397438348,,21.23086142539978
6,5,3,[32],0.01,5,3,-201.9287567138672,-273.6971130371094,-420.40957015630204,-219.92315113037543,0.012453784783031718,0.14180317851517096,8.928530330369057,,20.788764715194702
6,5,4,[32],0.01,5,4,-200.5536346435547,-312.68914794921875,-536.8331796590965,-233.06587810466218,0.008603124292506226,0.2018637608086042,7.9573669988140106,,21.284324884414673
6,5,5,[32],0.01,5,5,-201.41268920898438,-349.3507385253906,-655.0016908570419,-244.91583375855575,-0.03275279438523525,0.18605111405180708,7.310637568731814,0.1559186758995056,21.243492603302002
6,5,6,[32],0.01,5,6,-201.96495056152344,-396.9746856689453,-788.207904653459,-268.7658189953765,-0.06429145459416019,0.1335817605302498,7.026043926875279,,21.32329797744751
6,5,3,[64],0.005,5,3,-201.11668395996094,-275.19793701171875,-421.9103941309114,-221.4239751049848,0.0004152823920265781,0.1188208966895439,8.967687756527935,,22.244572401046753
6,5,4,[64],0.005,5,4,-200.1155242919922,-312.9621276855469,-537.1061593954246,-233.3388578409903,0.008603124292506226,0.2018637608086042,7.9739426247239225,,21.696900129318237
6,5,5,[64],0.005,5,5,-201.06436157226562,-350.0632629394531,-655.7142152711044,-245.62835817261825,-0.034673366834170855,0.18546263228139867,7.313242471178534,0.1439958598613739,22.453397035598755
6,5,6,[64],0.005,5,6,-201.89923095703125,-395.0954895019531,-786.3287084864668,-266.8866228283843,-0.0021430484864720066,0.22907234863407952,6.954009872206083,,22.543619871139526
6,5,3,[64],0.01,5,3,-201.34646606445312,-275.2137908935547,-421.92624801274735,-221.43982898682074,0.0004152823920265781,0.1188208966895439,8.969919778139793,,21.460713148117065
6,5,4,[64],0.01,5,4,-200.19593811035156,-312.8133850097656,-536.9574167196433,-233.19011516520905,0.008603124292506226,0.2018637608086042,7.974603147864029,,23.405338764190674
6,5,5,[64],0.01,5,5,-201.1564483642578,-349.23077392578125,-654.8817262574325,-244.79586915894637,-0.034673366834170855,0.18546263228139867,7.308756268030473,0.15420217847824094,24.50225830078125
6,5,6,[64],0.01,5,6,-202.10116577148438,-397.0043487548828,-788.2375677393965,-268.795482081314,-0.06894722885176346,0.12465743928213828,7.023988172274029,,22.49102234840393
7,5,3,[16],0.005,5,3,-204.04165649414062,-280.2075958251953,-426.920052944388,-226.43363391846137,0.0004152823920265781,0.1188208966895439,8.969942036659065,,21.826070547103882
7,5,4,[16],0.005,5,4,-203.52755737304688,-314.86192321777344,-539.0059549276511,-235.23865337321686,-0.005745947055202134,0.13704662241996424,8.006114803553471,,21.098743438720703
7,5,5,[16],0.005,5,5,-202.6357421875,-356.6593322753906,-662.3102846070419,-252.22442750855575,0.006941230911614993,0.19167532653210462,7.464514729482478,0.07190112972259521,22.216116428375244
7,5,6,[16],0.005,5,6,-204.1114959716797,-396.4836730957031,-787.7168920802168,-268.2748064221343,0.010660980810234541,0.2365375197685036,6.92516590535613,,22.019733428955078
7,5,3,[16],0.01,5,3,-204.69747924804688,-279.9281311035156,-426.6405882227083,-226.15416919678168,0.0004152823920265781,0.1188208966895439,8.967492024520993,,22.497817516326904
7,5,4,[16],0.01,5,4,-204.08969116210938,-314.61485290527344,-538.7588846151511,-234.99158306071686,-0.005745947055202134,0.13704662241996424,7.9943890317481054,,21.155693769454956
7,5,5,[16],0.01,5,5,-202.92042541503906,-356.88653564453125,-662.5374879761825,-252.45163087769637,0.006941230911614993,0.19167532653210462,7.474963349040546,0.10600893878936767,21.261478185653687
7,5,6,[16],0.01,5,6,-204.8955535888672,-393.97149658203125,-785.2047155665449,-265.76262990846243,-0.010245901639344262,0.21410483354776128,7.0235355118891905,,22.23242998123169
7,5,3,[32],0.005,5,3,-204.3307647705078,-279.91004943847656,-426.6225065576692,-226.13608753174262,0.0004152823920265781,0.1188208966895439,8.97716420331172,,21.444379091262817
7,5,4,[32],0.005,5,4,-203.43756103515625,-314.6666259765625,-538.8106576864402,-235.04335613200593,-0.009589326662497394,0.1323419151281266,8.009897667999832,,21.33219265937805
7,5,5,[32],0.005,5,5,-203.0073699951172,-356.3675842285156,-662.0185365601669,-251.93267946168075,0.012470023980815348,0.19822727929040562,7.472774145848103,0.08386294150352476,20.860595703125
7,5,6,[32],0.005,5,6,-204.54542541503906,-393.62852478027344,-784.8617437647871,-265.4196581067046,-0.010245901639344262,0.21410483354776128,7.012105656325326,,22.68366837501526
7,5,3,[32],0.01,5,3,-204.7684783935547,-279.5753479003906,-426.2878050195833,-225.80138599365668,0.00615637184485943,0.12539781707854455,8.970668911684582,,20.407559394836426
7,5,4,[32],0.01,5,4,-203.74261474609375,-314.54066467285156,-538.6846963827293,-234.917394828295,-0.009589326662497394,0.1323419151281266,8.009559784613232,,22.079855918884277
7,5,5,[32],0.01,5,5,-203.70724487304688,-356.289794921875,-661.9407472535263,-251.85489015504012,-0.06467298808655482,0.12019552425075027,7.46197226816767,0.12707012152671812,21.744850158691406
7,5,6,[32],0.01,5,6,-204.38084411621094,-393.170166015625,-784.4033850001387,-264.9612993420562,0.010660980810234541,0.24038815122135054,7.014761068310238,,22.70923089981079
7,5,3,[64],0.005,5,3,-204.57049560546875,-279.76776123046875,-426.4802183496614,-225.9937993237348,0.00615637184485943,0.12539781707854455,8.99433591950513,,21.264343976974487
7,5,4,[64],0.005,5,4,-203.36468505859375,-314.53358459472656,-538.6776163046043,-234.91031475017,-0.011895321173671689,0.09579377351011698,8.036618597069737,,20.49030637741089
7,5,5,[64],0.005,5,5,-203.45941162109375,-356.1026306152344,-661.7535829468857,-251.6677258483995,-0.015347721822541967,0.1685054713957105,7.460208157361075,0.12029076385498047,23.161770820617676
7,5,6,[64],0.005,5,6,-204.5052947998047,-393.78546142578125,-785.0186804102949,-265.57659475221243,-0.010245901639344262,0.21410483354776128,7.022298850185065,,43.97033882141113
7,5,3,[64],0.01,5,3,-205.1878204345703,-279.0664367675781,-425.7788938867708,-225.29247486084418,-0.027375201288244767,0.09301401724350412,8.988663209999578,,39.59214735031128
7,5,4,[64],0.01,5,4,-203.7963409423828,-314.52471923828125,-538.668750948159,-234.90144939372468,-0.011895321173671689,0.09579377351011698,8.041479043163012,,39.93743920326233
7,5,5,[64],0.01,5,5,-203.87403869628906,-356.1685028076172,-661.8194551392685,-251.7335980407823,-0.0034355828220858898,0.1980311844945023,7.4579409430758545,0.13165288043022155,42.11326551437378
7,5,6,[64],0.01,5,6,-204.46238708496094,-396.2973327636719,-787.5305517481855,-268.08846609010305,0.003247631935047361,0.21560646345651333,6.9240060114127395,,39.29434871673584
8,5,3,[16],0.005,5,3,-195.76409912109375,-266.87322998046875,-413.5856870996614,-213.0992680737348,0.07643312101910828,0.21764475968604455,8.775362049998012,,20.78643560409546
8,5,4,[16],0.005,5,4,-195.7250213623047,-309.0563659667969,-533.2003976766746,-229.4330961222403,-0.05421306997268334,0.04911985111790817,7.9862748299922135,,20.407782793045044
8,5,5,[16],0.005,5,5,-198.45758056640625,-347.43231201171875,-653.08326434337,-242.99740724488387,0.019936785801118406,0.22735511486000987,7.2375460091649835,0.0892739918231964,21.940218448638916
8,5,6,[16],0.005,5,6,-195.66162109375,-390.2558288574219,-781.4890478419355,-262.04696218385305,0.028931154567372087,0.27252238385359423,6.961757315479142,,23.886208057403564
8,5,3,[16],0.01,5,3,-195.7547149658203,-266.51670837402344,-413.2291654932161,-212.7427464672895,0.07643312101910828,0.21764475968604455,8.737391548867835,,21.213769674301147
8,5,4,[16],0.01,5,4,-196.25982666015625,-308.1712646484375,-532.3152963583152,-228.54799480388093,-0.035475696844045154,0.12064637210851742,7.959808481776423,,20.41445541381836
8,5,5,[16],0.01,5,5,-198.57391357421875,-348.23291015625,-653.8838624879013,-243.79800538941512,0.019936785801118406,0.22735511486000987,7.235627095391986,0.1051488437652588,23.740895986557007
8,5,6,[16],0.01,5,6,-196.28343200683594,-390.2296142578125,-781.4628332423262,-262.0207475842437,0.010660980810234541,0.2403881512213506,6.961575229938917,,27.538614749908447
8,5,3,[32],0.005,5,3,-195.75372314453125,-266.88441467285156,-413.5968717920442,-213.11045276611762,0.07643312101910828,0.21764475968604455,8.753684497048592,,27.340339183807373
